,AdaBoundOptimizer,AdadeltaOptimizer,AdagradOptimizer,AdamOptimizer,AMSBoundOptimizer,AMSGrad,GradientDescentOptimizer,LookaheadOptimizerMBGDMomentum,LookaheadOptimizerRAdam,MomentumOptimizer,NadamOptimizer,NAGOptimizer,RAdamOptimizer,RMSPropOptimizer
cifar100_allcnnc,2.784769767981309,3.4899797023871004,7.382670657451338,2.37111709851485,2.7632593937409227,2.2166832734376953,3.419171269429035,2.74662750623165,3.3180646508167952,4.185993061921534,2.6453640124736686,3.105687936758384,2.299591268331576,2.812834829550523
cifar10_3c3d,0.8372333126190377,0.8594359544607304,0.7379237437095394,0.7062953317394618,0.8470838516186443,0.7094665380242537,0.7591646874180203,0.8579308026112041,0.7386165302151286,0.7754028721115522,0.7056871935343126,1.0376485968247433,0.6987865737997566,0.7654961804930974
fmnist_2c2d,0.7371320415192687,0.2995481720146457,0.5376923917243492,1.376677478009309,0.7537643232979832,0.64938450259849,0.6353820555485209,0.30927023091950423,0.6461556238241681,0.539806849060532,1.760728715613293,0.5918150037718121,1.415002963204796,0.7998903486782155
fmnist_vae,23.391927018532392,23.883595248980402,23.333646290118875,22.754389925492116,23.518328526081184,22.821425613990197,23.54252552986145,24.845868548368795,24.000035903392693,23.5785631888952,22.776237855813445,23.472156179868257,22.816909296084674,23.089520200093588
mnist_vae,27.999388991869417,29.080202687092317,28.169436649175793,27.599869317274823,28.1314929216336,27.40553516608018,36.38433159314669,67.02047153130556,37.33844083272494,36.36205641550896,27.46153820477999,36.3582790851593,27.506282674349272,27.85696839797191
quadratic_deep,87.66450849260602,148.92916575840542,88.3842892238072,87.66515993390763,87.67837251935687,88.74705483572824,88.06203166416712,88.80842568533761,88.85152239118304,88.24720469883509,87.67083064488001,88.24720633370536,88.25901434762137,89.85148468017579
svhn_wrn164,0.36851350718677883,0.20018337968681793,0.20425771254256983,0.1904638959819749,0.368810985879651,0.2125606962080508,0.19447771686638482,0.3775311206361927,0.22214487739311,0.19496237564409852,0.1919114057103104,0.21057447275614752,0.19102042957938453,0.18689403906005733
tolstoi_char_rnn,1.3187308673657674,1.4349179069657887,1.2423672015639555,1.2451663165713631,1.3268909489057983,1.2457549362347042,1.2916847250470709,1.6010049796652512,1.2451324973983324,1.2684894219212146,1.234147134366163,1.2679160120843465,1.2433003796014745,1.2215971035518862
