,AdaBoundOptimizer,AdadeltaOptimizer,AdagradOptimizer,AdamOptimizer,AMSBoundOptimizer,AMSGrad,GradientDescentOptimizer,LookaheadOptimizerMBGDMomentum,LookaheadOptimizerRAdam,MomentumOptimizer,NadamOptimizer,NAGOptimizer,RAdamOptimizer,RMSPropOptimizer
cifar10_3c3d,0.8383914262820509,0.808253205128205,0.8619290865384611,0.8575320512820511,0.8348858173076922,0.8572516025641024,0.8643028846153842,0.836879006410256,0.8637019230769226,0.8600861378205125,0.8592948717948712,0.7886518429487176,0.860637019230769,0.8341746794871792
cifar100_allcnnc,0.5515925480769226,0.35365584935897393,0.3566907051282048,0.5566907051282046,0.5566706730769228,0.5532051282051278,0.37663261217948657,0.43023838141025605,0.37454927884615336,0.1949619391025636,0.5496193910256405,0.4655548878205124,0.5591045673076919,0.49281850961538415
fmnist_2c2d,0.9215144230769227,0.9181991185897432,0.9192908653846151,0.9238281249999994,0.9193008814102562,0.9227664262820507,0.9180488782051277,0.9137520032051277,0.9161157852564099,0.9159555288461533,0.9239182692307688,0.9188701923076918,0.9230769230769227,0.9194811698717945
svhn_wrn164,0.956411637931034,0.9641240763546796,0.9681265394088665,0.9665217056650242,0.9571390086206891,0.9667834051724136,0.9686653325123149,0.9606373152709355,0.9667911022167484,0.9677224445812802,0.9664447352216745,0.9669219519704431,0.966487068965517,0.964839901477832
tolstoi_char_rnn,0.5945339461396019,0.5644971649537137,0.6175095785394934,0.6193026817164654,0.5926557857186399,0.6171871266145812,0.603876015692378,0.5209969352259944,0.6160741768577542,0.6096231411471675,0.6218937935728676,0.6101341000233568,0.6185440612935469,0.6249328738656534
