objective,cifar10_3c3d,cifar100_allcnnc,fmnist_2c2d,svhn_wrn164,tolstoi_char_rnn
cifar10_3c3d,0.0,1.1708785215461395,0.7420545400743056,1.1584761209122165,0.6019313524066952
cifar100_allcnnc,1.1708785215461395,0.0,1.2911506655658909,1.1525895446401382,1.3074730153049337
fmnist_2c2d,0.7420545400743056,1.2911506655658909,0.0,1.4261871482536357,0.6220324471034039
svhn_wrn164,1.1584761209122165,1.1525895446401382,1.4261871482536357,0.0,1.4276571038312622
tolstoi_char_rnn,0.6019313524066952,1.3074730153049337,0.6220324471034039,1.4276571038312622,0.0
