objective,cifar10_3c3d,cifar100_allcnnc,fmnist_2c2d,svhn_wrn164,tolstoi_char_rnn
cifar10_3c3d,0.0,1.24354608453583,0.4321233106971325,0.46667172328005885,0.8205743465488518
cifar100_allcnnc,1.24354608453583,0.0,1.5135883228355962,1.7010361794415672,0.4838662390294355
fmnist_2c2d,0.4321233106971325,1.5135883228355962,0.0,0.4594653662372838,1.1072022206614778
svhn_wrn164,0.46667172328005885,1.7010361794415672,0.4594653662372838,0.0,1.2861006996886812
tolstoi_char_rnn,0.8205743465488518,0.4838662390294355,1.1072022206614778,1.2861006996886812,0.0
