objective,cifar100_allcnnc,cifar10_3c3d,fmnist_2c2d,fmnist_vae,mnist_vae,quadratic_deep,svhn_wrn164,tolstoi_char_rnn
cifar100_allcnnc,0.0,13.310735633091477,13.610741614138925,75.79224117111721,109.69541839389377,331.6896288379185,14.722894744350453,12.23292164159056
cifar10_3c3d,13.310735633091477,0.0,0.845994111052951,84.87891537956473,118.41806270351967,341.1529387340485,1.9030523175067344,1.5680495216543615
fmnist_2c2d,13.610741614138925,0.845994111052951,0.0,85.10023362000203,118.61017761387544,341.38486579183655,1.883491195133261,1.9504386370054396
fmnist_vae,75.79224117111721,84.87891537956473,85.10023362000203,0.0,38.37797270878848,256.50310499857284,86.76973856141876,83.320563596704
mnist_vae,109.69541839389377,118.41806270351967,118.61017761387544,38.37797270878848,0.0,227.03179495706507,120.2956961490714,116.91424265034813
quadratic_deep,331.6896288379185,341.1529387340485,341.38486579183655,256.50310499857284,227.03179495706507,0.0,343.04307516517144,339.59184174651745
svhn_wrn164,14.722894744350453,1.9030523175067344,1.883491195133261,86.76973856141876,120.2956961490714,343.04307516517144,0.0,3.457334822995007
tolstoi_char_rnn,12.23292164159056,1.5680495216543615,1.9504386370054396,83.320563596704,116.91424265034813,339.59184174651745,3.457334822995007,0.0
