,AdaBoundOptimizer,AdadeltaOptimizer,AdagradOptimizer,AdamOptimizer,AMSBoundOptimizer,AMSGrad,GradientDescentOptimizer,LookaheadOptimizerMBGDMomentum,LookaheadOptimizerRAdam,MomentumOptimizer,NadamOptimizer,NAGOptimizer,RAdamOptimizer,RMSPropOptimizer
cifar10_3c3d,0.8354066506410254,0.8053485576923073,0.8604266826923073,0.8568309294871789,0.8358072916666662,0.8571013621794868,0.7110276442307687,0.8358774038461535,0.8625500801282048,0.7874298878205125,0.8581129807692303,0.7869891826923073,0.8607171474358969,0.8287359775641022
cifar100_allcnnc,0.5573517628205124,0.3547776442307688,0.4145132211538457,0.5414062499999996,0.5513721955128201,0.5445813301282048,0.3115384615384612,0.43009815705128174,0.5830629006410252,0.5358473557692301,0.5293169070512815,0.5348758012820509,0.5592848557692303,0.45322516025640985
fmnist_2c2d,0.920472756410256,0.9182892628205124,0.9194411057692303,0.9230468749999998,0.92012219551282,0.9222355769230767,0.914663461538461,0.9110176282051275,0.9151141826923073,0.9140524839743585,0.924008413461538,0.9173076923076919,0.9235076121794867,0.9189803685897431
svhn_wrn164,0.9566425492610835,0.9635160098522164,0.9670104679802952,0.9663754618226597,0.9564847598522161,0.9652555418719206,0.9678302032019699,0.9608951662561571,0.9668334359605908,0.9677647783251228,0.9663677647783248,0.9678186576354675,0.9666410098522163,0.9648899322660093
tolstoi_char_rnn,0.587712949697085,0.5631590811571392,0.6174750959507802,0.6183834484025434,0.5815515710932994,0.6174504221399163,0.6045972420566377,0.5210711117562659,0.5868803068595825,0.6081276631218261,0.6222219158178083,0.6092465903338795,0.6169471264570606,0.624891647593728
