,AdaBoundOptimizer,AdadeltaOptimizer,AdagradOptimizer,AdamOptimizer,AMSBoundOptimizer,AMSGrad,GradientDescentOptimizer,LookaheadOptimizerMBGDMomentum,LookaheadOptimizerRAdam,MomentumOptimizer,NadamOptimizer,NAGOptimizer,RAdamOptimizer,RMSPropOptimizer
cifar100_allcnnc,2.7209954769183424,3.4838457877819353,6.873174178294645,2.3315623934452345,2.738301279605963,2.278585440684587,3.699269413948058,2.913159623512855,2.640844219158857,2.865393100029383,2.755208938549726,2.8763391659809985,2.3098695369867173,2.809217525751163
cifar10_3c3d,0.7730004536035728,0.8705729193412338,0.7401770676939912,0.7083021030212058,0.8580678762533722,0.697372940411934,1.3206370848111617,0.8599062398458134,0.7424950551528194,1.0421589400523747,0.7051338988618969,1.0388274573744867,0.6994368625757019,0.7806048232775465
fmnist_2c2d,0.7861477317718356,0.3017778022214766,0.5752534465625494,1.3893650090799496,0.7495160495910119,0.6533111013663118,0.3058413621563555,0.4136305263409243,0.6408793528110548,0.32913315427035794,1.3927210965265446,0.6757155948628977,1.4206312361627051,0.41056339412163423
fmnist_vae,23.396460835138956,23.879162367796287,23.35565811426212,22.972901447002705,23.452706618186756,22.768684158569723,23.60793275466332,24.83522969637162,24.911893979097027,23.59118088820042,23.03415636282701,34.39510388741127,22.979491618963387,23.445474808032692
mnist_vae,27.989125644243682,29.19917310690268,28.13840377147381,27.65244219119732,28.08953899970421,27.393727516516662,36.33506671220828,74.67046728134156,45.07094485820868,36.352178327853856,27.63043447274428,36.30501022338867,27.676440407679628,28.42772377332052
quadratic_deep,93.19845341273717,342.2689494541713,88.62192655290876,87.66515993390763,95.57716053553989,88.74705483572824,93.8628152029855,91.47905698503766,88.85122822352818,90.95510428292411,87.67083064488001,89.1433006286621,88.25901434762137,91.1796633039202
svhn_wrn164,0.36456485966890273,0.2018840560221608,0.20555580770367432,0.19173804022683702,0.3714791178116067,0.2344741826831116,0.1956425343314409,0.3775661382108481,0.22122844661691446,0.19570583828490895,0.19080725639893312,0.19478507633940298,0.18996660411633084,0.1858627974876917
tolstoi_char_rnn,1.3476669241185386,1.4404601819213778,1.2424823182752758,1.2485308654920348,1.372185284835625,1.2453449173448639,1.2889339418246823,1.6010426480651359,1.3516871718611292,1.2757587489953894,1.2332672453017979,1.271009029510834,1.2525564155816113,1.221936500163827
