,AdaBoundOptimizer,AdadeltaOptimizer,AdagradOptimizer,AdamOptimizer,AMSBoundOptimizer,AMSGrad,GradientDescentOptimizer,LookaheadOptimizerMBGDMomentum,LookaheadOptimizerRAdam,MomentumOptimizer,NadamOptimizer,NAGOptimizer,RAdamOptimizer,RMSPropOptimizer
cifar100_allcnnc,2.7445938471036078,3.259596569721515,12.19005801127507,2.549953294411684,2.7641305813422568,2.4218331330861793,2.8092409525162134,2.803711466911511,2.6981720062402577,2.83280332944332,2.5369046620833564,3.040816176854647,2.6799689604685857,2.967083219992809
cifar10_3c3d,0.8573838926278624,0.8949472985206504,0.8265768055732432,0.800180675891729,0.8581960649062422,0.8149167587359741,0.9047399624800068,1.118799361739403,0.8553014951638682,0.8664652880949848,0.7716931562775216,0.8789885354347714,0.8039476633453976,0.8270497140211933
fmnist_2c2d,0.7844865428713647,0.4862058224872895,0.6369657631867969,1.0380568089775548,0.7231644851370496,0.7273454211079154,0.6409285622051888,1.4152791507064528,0.622457382188011,0.6629789821230443,1.0413917629382543,0.6585235370561862,1.0281185077933161,0.8140785915824844
fmnist_vae,23.386001602808633,23.7394527997726,23.179348847804924,23.07376038722503,23.50510259530483,23.117102454258845,23.940259586236415,24.640602390582742,23.841472684420072,23.95321271969722,23.019143589949,23.919545046488444,23.116636131971312,23.188777696169343
mnist_vae,28.101828756087865,28.833068226545286,27.93632074380532,27.774253431955977,28.119980714260002,27.855788164872386,36.14721307509985,51.27386359679393,34.278708094816935,36.224581923851595,27.723221558790936,36.268042592513254,27.82087892385629,27.836663671640245
quadratic_deep,95.39454727172851,108.04675728934153,88.3916734967913,88.34958430698939,91.02328763689312,91.91896743774414,87.97779181344167,92.03347473144531,87.87668151855469,95.20198560442243,88.18925748552594,85.23431080409458,88.18183691842216,98.2573013305664
svhn_wrn164,0.37422260515061473,0.3414338913897571,0.35011323528189914,0.3190515845720398,0.3717820581984633,0.33521052011715324,0.3708371513289177,0.47857170775899693,0.29730229658519663,0.2892006962683983,0.30961902838548955,0.5146911421432867,0.31113128757535485,0.3496268846168007
tolstoi_char_rnn,1.3175460302510023,1.3530775737031662,1.2310703409129171,1.2395940508422263,1.3249750407719518,1.2505747463968064,1.2581096262767395,1.469251584686995,1.2427130352948355,1.249978209592373,1.2385686846528468,1.2464477614424692,1.2390682760326335,1.2578413110583218
