,AdaBoundOptimizer,AdadeltaOptimizer,AdagradOptimizer,AdamOptimizer,AMSBoundOptimizer,AMSGrad,GradientDescentOptimizer,LookaheadOptimizerMBGDMomentum,LookaheadOptimizerRAdam,MomentumOptimizer,NadamOptimizer,NAGOptimizer,RAdamOptimizer,RMSPropOptimizer
cifar100_allcnnc,0.5578024839743587,0.40029046474358926,0.27887620192307644,0.5492087339743585,0.5553986378205125,0.5265324519230766,0.5269431089743588,0.4580528846153843,0.5583633814102561,0.5384515224358971,0.5429587339743586,0.48471554487179447,0.5475460737179481,0.5049979967948716
cifar10_3c3d,0.8327624198717946,0.8005208333333329,0.8353966346153843,0.8331931089743586,0.8322415865384611,0.8274539262820509,0.8269531249999995,0.7948217147435895,0.8291766826923072,0.8293669871794869,0.8391025641025637,0.8303585737179484,0.8340645032051279,0.8250100160256407
fmnist_2c2d,0.9211137820512814,0.9099258814102559,0.9203725961538458,0.9170372596153842,0.9208733974358969,0.9223357371794867,0.9168569711538458,0.5070713141025638,0.919661458333333,0.9173978365384612,0.9154647435897431,0.9191606570512814,0.9166366185897431,0.9171574519230765
fmnist_vae,0.9538985529556647,0.943753848522167,0.9512238300492607,0.948275862068965,0.9552339901477828,0.9523706896551719,0.9511353140394083,0.951123768472906,0.9574084051724135,0.9530788177339898,0.9502847906403936,0.9482219827586202,0.9492187499999997,0.9437038177339897
mnist_vae,0.5947649049119471,0.5871200003158082,0.62015785428756,0.6197284285592846,0.5932556329787458,0.6158133338237629,0.6127653641719011,0.5554563988328434,0.6171619919981532,0.6155944834038667,0.6197688892883355,0.6155336401928426,0.6195615328363072,0.6169980072883806
