,AdaBoundOptimizer,AdadeltaOptimizer,AdagradOptimizer,AdamOptimizer,AMSBoundOptimizer,AMSGrad,GradientDescentOptimizer,LookaheadOptimizerMBGDMomentum,LookaheadOptimizerRAdam,MomentumOptimizer,NadamOptimizer,NAGOptimizer,RAdamOptimizer,RMSPropOptimizer
cifar10_3c3d,0.8339242788461535,0.8241786858974354,0.8592948717948714,0.8521133814102558,0.8339242788461533,0.8566806891025636,0.8542167467948714,0.8476161858974356,0.8656049679487176,0.8594551282051277,0.8520933493589743,0.8542768429487175,0.8523036858974355,0.8461939102564099
cifar100_allcnnc,0.5569511217948713,0.4229366987179485,0.3704326923076918,0.5912660256410253,0.5597556089743585,0.5816306089743586,0.19537259615384553,0.47458934294871763,0.6085837339743586,0.5476462339743586,0.5917968749999997,0.6127203525641023,0.5968149038461537,0.5498297275641021
fmnist_2c2d,0.9206430288461533,0.916556490384615,0.9196714743589739,0.9217748397435894,0.9212339743589741,0.9228866185897433,0.9185897435897431,0.9124799679487176,0.9205428685897429,0.9181790865384611,0.9229266826923073,0.9184194711538458,0.921604567307692,0.9218850160256407
svhn_wrn164,0.9545104679802954,0.9635467980295565,0.9643165024630538,0.9627424568965515,0.955399476600985,0.9644819889162559,0.9661214593596055,0.963427493842364,0.9660945197044329,0.9666333128078813,0.9628694581280784,0.9664370381773393,0.9625076970443345,0.9616186884236452
tolstoi_char_rnn,0.5929704218303559,0.5846893492215435,0.6208231418982314,0.6225675097827251,0.5918369351333125,0.6186490418582122,0.6124419930109117,0.5538810731693241,0.615705287365164,0.6152026057243343,0.6231190796556139,0.6172396939376302,0.6227825282177246,0.6233866668295581
