,AdaBoundOptimizer,AdadeltaOptimizer,AdagradOptimizer,AdamOptimizer,AMSBoundOptimizer,AMSGrad,GradientDescentOptimizer,LookaheadOptimizerMBGDMomentum,LookaheadOptimizerRAdam,MomentumOptimizer,NadamOptimizer,NAGOptimizer,RAdamOptimizer,RMSPropOptimizer
cifar100_allcnnc,2.740673367793743,3.1524226078620323,10.071805824683262,2.3768064688413566,2.7166407646277007,2.2798285252008683,4.152278241744408,2.7322467174285494,2.5337625191761894,2.7657182571215504,2.303203041125566,2.475565219536805,2.389431933561961,2.689659365018209
cifar10_3c3d,0.8539218851389023,0.8205455093047554,0.7595255238123426,0.7433880907602795,0.8538341540556684,0.7335813537622108,0.8191294644123465,0.80510940567041,0.7531466053846552,0.7925032821221223,0.7461890843434208,0.8087704615715218,0.749282123415898,0.7594575403210442
fmnist_2c2d,0.768698013335084,0.4035901039170146,0.5895783036995008,1.134668866392129,0.7113483779036842,0.7650360945134588,0.6644877802580589,0.2721305547998497,0.6129179036101465,0.6643676235698733,0.8566690848805962,0.665594329895117,1.2894708667428063,0.8330790229237228
fmnist_vae,23.418890373523418,23.628477424230333,82.96563718502338,22.803634551855232,23.503446042232024,22.86196115933932,23.396073658038407,24.35299194287031,23.710297782604513,23.44289860969935,22.788373630474773,34.40699435380789,22.836346900157437,22.966373693026032
mnist_vae,28.131410181828034,28.690399224941547,27.822496553567742,27.556689399327986,28.163272564227764,27.5631403250572,35.95469389084057,57.595064825889395,34.044503081150545,35.86230169076186,27.498106416066484,35.856246104607216,27.543025184289,27.653307508810975
quadratic_deep,93.19873907906667,109.70786873953685,88.25262113298689,89.66963544573103,88.50263312203542,87.67428479875836,87.80282483782086,92.79470683506557,91.3951947893415,87.86061346871512,88.42592893327986,87.86073989868164,88.18210481916155,90.49183284214564
svhn_wrn164,0.3740499135675684,0.23463290494687702,0.24867798357541285,0.2567749522002455,0.37834553474129073,0.2416143063731083,0.24138668777760572,0.29366836790087153,0.24455510533501917,0.2365594129844248,0.25549698067562854,0.23852257887130834,0.2568580713361643,0.24327334118227012
tolstoi_char_rnn,1.324469353184389,1.3609336668504148,1.226756289361537,1.2297627705267105,1.3300095227029587,1.2419096610098503,1.2595395869222177,1.4765257927649775,1.2460161791450672,1.2476546572542735,1.2287888903270732,1.2416218284902896,1.2289375933650806,1.2244060314021343
