,AdaBoundOptimizer,AdadeltaOptimizer,AdagradOptimizer,AdamOptimizer,AMSBoundOptimizer,AMSGrad,GradientDescentOptimizer,LookaheadOptimizerMBGDMomentum,LookaheadOptimizerRAdam,MomentumOptimizer,NadamOptimizer,NAGOptimizer,NDAdamOptimizer,RAdamOptimizer,RMSPropOptimizer
cifar10_3c3d,0.8325020032051279,0.38571714743589725,0.8221354166666662,0.849739583333333,0.831019631410256,0.5592848557692303,0.8174379006410254,0.8359174679487176,0.7758613782051279,0.6574318910256406,0.8520432692307688,0.7576622596153842,0.8501302083333331,0.8550380608974356,0.8446614583333328
cifar100_allcnnc,0.504036458333333,0.040174278846153405,0.41512419871794826,0.571644631410256,0.4963942307692303,0.13440504807692263,0.385416666666666,0.6247596153846149,0.2960637019230765,0.6358072916666662,0.576302083333333,0.6373096955128202,0.573948317307692,0.5839643429487176,0.5916065705128204
fmnist_2c2d,0.9207131410256407,0.7822716346153841,0.9151642628205126,0.9195913461538456,0.9205328525641022,0.8886618589743588,0.9120693108974356,0.914953926282051,0.9003806089743585,0.8931790865384611,0.9199218749999997,0.8991386217948716,0.9196314102564098,0.9180588942307686,0.9204527243589741
svhn_wrn164,0.9527286022167483,0.6084936884236452,0.9583089593596057,0.9588169642857137,0.9525977524630538,0.9502463054187189,0.9527824815270932,0.9651631773399011,0.944446582512315,0.9655095443349753,0.9591825738916251,0.9651939655172411,0.958582204433497,0.959590517241379,0.9586476293103445
tolstoi_char_rnn,0.5359318014077294,0.15577226075632772,0.4829247504929469,0.6155394640233778,0.53152490418076,0.5770678933210297,0.3955658237025194,0.5813927971083539,0.3074378547083825,0.5994378545731873,0.6151459005143902,0.5995811496201143,,0.6172803067612916,0.6234367816155892
