,SGD,Momentum,Nesterov,Adagrad,RMSProp,Adam
0,2.3245835304260254,13.654162406921387,11.178060531616211,3.9095733165740967,4.306502342224121,10.852109909057617
