,SGD,Momentum,Nesterov,Adagrad,RMSProp,Adam
0,3.026470184326172,7.0343146324157715,4.179752349853516,3.499678134918213,0.8426648378372192,29.785320281982422
