,SGD,Momentum,Nesterov,Adagrad,RMSProp,Adam
Logistic regression SVHN,-0.44703625836773275,0.431726616289021,0.34511165908505226,-0.3859080532670057,-0.3867780836611079,0.4428841199217734
