,SGD,Momentum,Nesterov,Adagrad,RMSProp,Adam
0,3.5151658058166504,9.49259090423584,8.903428077697754,3.9309654235839844,3.9250473976135254,9.568485260009766
