,SGD,Momentum,Nesterov,Adagrad,RMSProp,Adam
0,0.6099393963813782,0.410787969827652,0.37981563806533813,0.3608476519584656,0.33851078152656555,0.4281322956085205
