,SGD,Momentum,Nesterov,Adagrad,RMSProp,Adam
0,0.28973832726478577,1.3852921724319458,1.0370992640673649e-05,0.06588631868362427,0.5856690406799316,2.3334083557128906
