,AdaBoundOptimizer,AdadeltaOptimizer,AdagradOptimizer,AdamOptimizer,AMSBoundOptimizer,AMSGrad,GradientDescentOptimizer,LookaheadOptimizerMBGDMomentum,LookaheadOptimizerRAdam,MomentumOptimizer,NadamOptimizer,NAGOptimizer,RAdamOptimizer,RMSPropOptimizer
cifar10_3c3d,0.8349959935897433,0.7973056891025638,0.8360877403846148,0.8253705929487175,0.8327524038461535,0.8278345352564098,0.8275540865384613,0.7973457532051279,0.8484374999999996,0.8240685096153841,0.8331530448717943,0.822415865384615,0.826752804487179,0.8214543269230766
cifar100_allcnnc,0.5661057692307688,0.4131911057692303,0.22440905448717902,0.5413461538461535,0.5552183493589737,0.5301282051282047,0.5229867788461535,0.45114182692307636,0.5584435096153841,0.5265624999999996,0.5422576121794868,0.5195012019230767,0.5428786057692303,0.4831931089743584
fmnist_2c2d,0.9206630608974354,0.9100060096153844,0.9194310897435892,0.9162560096153841,0.9198116987179485,0.9211137820512818,0.9170172275641022,0.9125600961538458,0.9197415865384612,0.9178385416666665,0.914933894230769,0.9190004006410252,0.9154747596153843,0.9150440705128199
svhn_wrn164,0.9543449815270932,0.9435190886699504,0.9504425800492606,0.9507389162561571,0.9552301416256153,0.9535791256157632,0.9514201046798025,0.9459859913793099,0.9551454741379306,0.9497767857142853,0.9505618842364528,0.9447506157635465,0.9479756773399014,0.945031557881773
tolstoi_char_rnn,0.5888217628230532,0.5864343294467047,0.6202487357046407,0.6180045975807522,0.5823785443643954,0.6160159393060248,0.6126727970167134,0.5558674325317255,0.6007897320835067,0.6138960915050283,0.6198743293111806,0.6150646745701854,0.6187448273444994,0.6169780845157941
