,AdaBoundOptimizer,AdadeltaOptimizer,AdagradOptimizer,AdamOptimizer,AMSBoundOptimizer,AMSGrad,GradientDescentOptimizer,LookaheadOptimizerMBGDMomentum,LookaheadOptimizerRAdam,MomentumOptimizer,NadamOptimizer,NAGOptimizer,RAdamOptimizer,RMSPropOptimizer
cifar100_allcnnc,2.6770237586437124,3.248881929960006,11.844513289745036,2.7129645903905235,2.740792172994369,2.594570268728794,2.859706347416609,2.862115549429869,2.69515842229892,2.8497470770126734,2.669795062603094,2.916197062150026,2.6957916100819905,2.7895295308186454
cifar10_3c3d,0.8581486591925984,0.9200983240054199,0.8183150071364178,0.8138550324317733,0.8603444895683185,0.8092077041665711,0.8746972409578468,1.1131679244530504,0.8183144039832625,0.8862132852658242,0.7919946369070269,0.8936846611591482,0.8058083837613079,0.8303094463852732
fmnist_2c2d,0.7907641545033604,0.5559749681120495,0.6396234526657137,0.8326896168769166,0.7526810186986735,0.7868736275400103,0.6417162339847817,0.5464606616263966,0.6265220204415989,0.7293297111988065,1.3473452078226282,0.7279257251284056,1.3527734746535616,0.8841913626075553
fmnist_vae,23.375224629426615,23.73194960936522,23.218186805187127,23.076650535143337,23.496979119227483,23.212124339128156,23.86090331688905,24.698800242252837,24.51571752474858,23.918804243283393,23.109942747996406,23.976948994856613,23.12446027046595,23.425617210681622
mnist_vae,28.116302233475903,29.04097275244884,27.969812308824977,27.815813933886012,28.15266675826831,27.858235031519182,36.0530569590055,51.21847164692023,38.128616362351636,36.10344520348769,27.77291735869187,36.202912389315095,27.82846922140855,28.248578625458936
quadratic_deep,95.39454727172851,114.06281476702011,88.78295767647879,89.92371673583985,97.05032348632814,86.58205773489814,90.23729629516603,98.21256452287948,108.25714874267578,94.19758704049248,88.18925748552594,92.33825214930943,87.21712995256698,98.2573013305664
svhn_wrn164,0.37574002112220617,0.3470099797096154,0.4515703332394797,0.3102207715581787,0.3715441760685051,0.3344136294472976,0.3729154989416959,0.5135580675648934,0.28836225800840115,0.4559964889302625,0.3098613840752629,0.5311973320439527,0.3153802558853117,0.35631133707359475
tolstoi_char_rnn,1.3435073180673678,1.3561431540383229,1.231123157936037,1.242565038195058,1.3689651102855287,1.250177341950807,1.2581378019175762,1.4678983264499237,1.2997968622551108,1.2531086479567017,1.2383751959179552,1.248670989891578,1.244504092388226,1.2565509901192906
