,AdaBoundOptimizer,AdadeltaOptimizer,AdagradOptimizer,AdamOptimizer,AMSBoundOptimizer,AMSGrad,GradientDescentOptimizer,LookaheadOptimizerMBGDMomentum,LookaheadOptimizerRAdam,MomentumOptimizer,NadamOptimizer,NAGOptimizer,NDAdamOptimizer,RAdamOptimizer,RMSPropOptimizer
cifar10_3c3d,0.8284755608974356,0.3928285256410252,0.8132111378205125,0.8168068910256407,0.832572115384615,0.43734975961538397,0.8074318910256408,0.7669571314102559,0.771654647435897,0.4195913461538458,0.8248497596153843,0.6436498397435896,0.8209935897435893,0.8186598557692303,0.799409054487179
cifar100_allcnnc,0.501802884615384,0.0437600160256406,0.4114483173076918,0.5114983974358971,0.4986478365384611,0.0337640224358969,0.38093950320512776,0.5836338141025637,0.2992988782051277,0.5308693910256405,0.5338341346153845,0.5643830128205124,0.5169971955128202,0.5360276442307689,0.5317608173076918
fmnist_2c2d,0.9212540064102562,0.7859875801282046,0.9119190705128201,0.9126201923076918,0.9209535256410254,0.8776542467948714,0.9044270833333329,0.9121995192307686,0.8986778846153843,0.856370192307692,0.912289663461538,0.8708934294871791,0.9121294070512815,0.912620192307692,0.9133313301282048
svhn_wrn164,0.9477563115763543,0.6441387007389159,0.952474599753694,0.9500307881773395,0.9507620073891625,0.9056958128078811,0.9454510467980292,0.951920412561576,0.939620535714285,0.9474368842364527,0.9495689655172409,0.9498883928571425,0.9512276785714283,0.9522090517241374,0.9486568657635466
tolstoi_char_rnn,0.5460703448203331,0.1557691956217257,0.4893506512217133,0.6139003834733556,0.5440608433836718,0.5813503445793381,0.4041760917025048,0.5850810736531951,0.3170104220680802,0.599899464092035,0.6132248280605591,0.5999782377732664,,0.614605517131615,0.6208939464841304
