,AdaBoundOptimizer,AdadeltaOptimizer,AdagradOptimizer,AdamOptimizer,AMSBoundOptimizer,AMSGrad,GradientDescentOptimizer,LookaheadOptimizerMBGDMomentum,LookaheadOptimizerRAdam,MomentumOptimizer,NadamOptimizer,NAGOptimizer,RAdamOptimizer,RMSPropOptimizer
cifar100_allcnnc,2.6928734504259544,3.1233022316908228,13.678560014565786,2.365898519601577,2.7076498789665027,2.1869976376875853,4.139940869502532,2.9393939592899416,2.5191190906060044,2.704373668401669,2.3310430716245603,2.697030366995396,2.3604522102918377,2.738186618609306
cifar10_3c3d,0.8499762647427043,0.8167499604897618,0.7776472027867266,0.7344886831748176,0.7765766340188488,0.7529274552678447,0.8073249612863245,0.8107809535967997,0.7607823634376889,0.8187921084272555,0.7263269931077954,0.8068695841691429,0.7292585323636345,0.7596460708058792
fmnist_2c2d,0.7742910962551829,0.46758993040674746,0.6309843833820941,1.6231902313729125,0.6082243680189813,0.7118675457647974,0.6054992063114272,0.5462645810670574,0.6171832064978581,0.7416603750334333,1.5386331578477834,0.5824610410879052,1.2892415399925825,0.6558138588300115
fmnist_vae,23.404586383623954,23.617372050652136,87.9511312851539,22.95018834089621,23.521217590723282,22.880254582869703,23.39222128819197,24.378631727512065,24.37693010965983,23.442887320885287,22.988479905250745,34.36930425228217,22.993907635028545,23.279671387794693
mnist_vae,28.118025652567546,28.82641067627149,27.78897998027312,27.753050899505617,28.187173139131982,27.617911277673187,35.91985067220834,51.661137622442006,38.35498158381536,35.898531268193175,27.715144993708684,35.923454260214776,27.65921969902821,28.12039097516965
quadratic_deep,93.19873907906667,115.63526033673966,88.52364338466099,89.66963544573103,89.85625817435127,90.27288872855051,90.45225557599748,93.26573965890069,91.38960157121932,88.33868037632534,88.42592893327986,90.93057621547155,88.18210481916155,95.98167452131
svhn_wrn164,0.37428890206837273,0.23906354613491998,0.24751546022119744,0.2555795129076595,0.37645841542576275,0.2446258488216712,0.2422884346889742,0.2918984697516911,0.24445095247235743,0.2505976517322317,0.2576130791764536,0.23815114578149554,0.2558551257687245,0.2397302258998298
tolstoi_char_rnn,1.3450337041840241,1.3646549106557702,1.226529728452821,1.2295409602680423,1.3586182730408005,1.240612297496576,1.2589730274631599,1.476592819352716,1.3042637759241562,1.246553164971742,1.2249224242579433,1.2499544354690897,1.2322617325746232,1.2239974620241767
