,AdaBoundOptimizer,AdadeltaOptimizer,AdagradOptimizer,AdamOptimizer,AMSBoundOptimizer,AMSGrad,GradientDescentOptimizer,LookaheadOptimizerMBGDMomentum,LookaheadOptimizerRAdam,MomentumOptimizer,NadamOptimizer,NAGOptimizer,RAdamOptimizer,RMSPropOptimizer
cifar10_3c3d,0.8340444711538456,0.8240885416666662,0.8488581730769228,0.854046474358974,0.8315504807692303,0.8499098557692306,0.8558794070512817,0.8459435096153843,0.8649038461538459,0.8533653846153841,0.854457131410256,0.8536358173076918,0.8544270833333328,0.8412459935897431
cifar100_allcnnc,0.5637920673076919,0.4246694711538456,0.24999999999999964,0.5942508012820513,0.5596454326923073,0.5695813301282047,0.19696514423076864,0.46104767628205084,0.6095953525641022,0.576302083333333,0.5914563301282048,0.5752203525641023,0.596304086538461,0.4993289262820507
fmnist_2c2d,0.9205629006410254,0.9154346955128203,0.9201221955128203,0.9211237980769225,0.9198016826923073,0.9223357371794865,0.9166466346153841,0.9119290865384612,0.9197616185897435,0.9170072115384611,0.9220252403846152,0.915775240384615,0.9217548076923073,0.9189603365384611
svhn_wrn164,0.9543603756157631,0.9627463054187189,0.9650207820197039,0.9627540024630539,0.9555957512315267,0.9641471674876845,0.9654864532019699,0.9638161945812806,0.9661945812807877,0.9655172413793098,0.9625692733990142,0.9657981834975363,0.9625731219211818,0.9621343903940882
tolstoi_char_rnn,0.588053027332057,0.5835877393397333,0.6207472795499234,0.6226731032018913,0.5842021454111366,0.6187515708450151,0.612424214612478,0.5539140230508595,0.5997281237351936,0.6162292725053322,0.6234485826273072,0.6142815326593842,0.6219816093472224,0.6232268200751918
