,AdaBoundOptimizer,AdadeltaOptimizer,AdagradOptimizer,AdamOptimizer,AMSBoundOptimizer,AMSGrad,GradientDescentOptimizer,LookaheadOptimizerMBGDMomentum,LookaheadOptimizerRAdam,MomentumOptimizer,NadamOptimizer,NAGOptimizer,NDAdamOptimizer,RAdamOptimizer,RMSPropOptimizer
cifar10_3c3d,0.8292868589743586,0.3372596153846149,0.807562099358974,0.8567808493589739,0.83017828525641,0.5885016025641023,0.7936899038461536,0.8680689102564099,0.7344250801282046,0.8054887820512816,0.8555789262820509,0.842738381410256,0.8578225160256407,0.8623096955128199,0.8529947916666663
cifar100_allcnnc,0.5004407051282048,0.026101762820512204,0.37897636217948677,0.5149138621794869,0.501732772435897,0.0201322115384609,0.32744391025640984,0.6091045673076919,0.21728766025640983,0.6401642628205122,0.5311298076923072,0.6387920673076918,0.514983974358974,0.5551883012820509,0.556400240384615
fmnist_2c2d,0.9204326923076918,0.7530548878205124,0.9159655448717944,0.9238481570512815,0.9206430288461537,0.8918669871794869,0.9078926282051277,0.9159555288461535,0.8916766826923073,0.9042467948717945,0.924368990384615,0.9105068108974355,0.9235576923076918,0.9230168269230765,0.9223056891025637
svhn_wrn164,0.9510198583743839,0.4410521859605908,0.9563808497536941,0.9606296182266005,0.9512931034482752,0.9534983066502459,0.946963516009852,0.9682304495073888,0.9445427955665021,0.9680765086206893,0.9608566810344824,0.9685498768472902,0.9605949815270932,0.9618919334975364,0.9595096982758617
tolstoi_char_rnn,0.5449341005977539,0.15576965539962362,0.4380179307127358,0.6108798469391814,0.5429229132288713,0.5962511872651473,0.3403426821318618,0.5659796167835875,0.19249455954494094,0.5880324905402812,0.6092433721626394,0.587752336857419,,0.6117773182319035,0.6200914941528286
