,cifar100_allcnnc,cifar10_3c3d,fmnist_2c2d,fmnist_vae,mnist_vae,quadratic_deep,svhn_wrn164,tolstoi_char_rnn
cifar100_allcnnc,0.0,0.6185769149502883,0.7116010805787204,0.6082065769699516,0.6576026299663631,0.6141267625647154,0.6249952250797806,0.6149261784855083
cifar10_3c3d,0.6185769149502883,0.0,0.26320686613980826,0.07534671015507899,0.12068454585854144,0.10274455713489958,0.13455132085947957,0.055179092505731546
fmnist_2c2d,0.7116010805787204,0.26320686613980826,0.0,0.2823845639843788,0.26745196174688624,0.30570750765916055,0.2967098789748571,0.2663574385689841
fmnist_vae,0.6082065769699516,0.07534671015507899,0.2823845639843788,0.0,0.18044852271382406,0.0632587179653083,0.16329583298481828,0.040141665534647056
mnist_vae,0.6576026299663631,0.12068454585854144,0.26745196174688624,0.18044852271382406,0.0,0.21462195127957065,0.17022542461942364,0.1714194494701145
quadratic_deep,0.6141267625647154,0.10274455713489958,0.30570750765916055,0.0632587179653083,0.21462195127957065,0.0,0.193073659353834,0.061047544489149265
svhn_wrn164,0.6249952250797806,0.13455132085947957,0.2967098789748571,0.16329583298481828,0.17022542461942364,0.193073659353834,0.0,0.15416991798151694
tolstoi_char_rnn,0.6149261784855083,0.055179092505731546,0.2663574385689841,0.040141665534647056,0.1714194494701145,0.061047544489149265,0.15416991798151694,0.0
