,cifar100_allcnnc,cifar10_3c3d,fmnist_2c2d,fmnist_vae,mnist_vae
cifar100_allcnnc,0.0,1.24354608453583,1.5135883228355962,1.7010361794415672,0.4838662390294355
cifar10_3c3d,1.24354608453583,0.0,0.4321233106971325,0.46667172328005885,0.8205743465488518
fmnist_2c2d,1.5135883228355962,0.4321233106971325,0.0,0.4594653662372838,1.1072022206614778
fmnist_vae,1.7010361794415672,0.46667172328005885,0.4594653662372838,0.0,1.2861006996886812
mnist_vae,0.4838662390294355,0.8205743465488518,1.1072022206614778,1.2861006996886812,0.0
