,cifar100_allcnnc,cifar10_3c3d,fmnist_2c2d,fmnist_vae,mnist_vae,quadratic_deep,svhn_wrn164,tolstoi_char_rnn
cifar100_allcnnc,0.0,1.4802508130981487,1.5698516403508511,1.5373247009075544,1.5188544808034472,1.4961109464594897,1.4162120940646483,1.5386573331563964
cifar10_3c3d,1.4802508130981487,0.0,1.1197520979670736,0.4578167812740609,0.4276990534038142,1.2999943963994804,0.851018730157981,0.521343175298694
fmnist_2c2d,1.5698516403508511,1.1197520979670736,0.0,1.3456464687037741,1.0765453126719067,1.5937054380833968,1.250124384979672,1.0740540294894532
fmnist_vae,1.5373247009075544,0.4578167812740609,1.3456464687037741,0.0,0.40848692334622155,1.3528621534720107,0.9448175454292934,0.8389345000400656
mnist_vae,1.5188544808034472,0.4276990534038142,1.0765453126719067,0.40848692334622155,0.0,1.5011112169143233,0.9130641476593243,0.8667647171437196
quadratic_deep,1.4961109464594897,1.2999943963994804,1.5937054380833968,1.3528621534720107,1.5011112169143233,0.0,1.5255924437763515,1.0776431293770463
svhn_wrn164,1.4162120940646483,0.851018730157981,1.250124384979672,0.9448175454292934,0.9130641476593243,1.5255924437763515,0.0,0.9950144349698833
tolstoi_char_rnn,1.5386573331563964,0.521343175298694,1.0740540294894532,0.8389345000400656,0.8667647171437196,1.0776431293770463,0.9950144349698833,0.0
