,cifar100_allcnnc,cifar10_3c3d,fmnist_2c2d,fmnist_vae,mnist_vae,quadratic_deep,svhn_wrn164,tolstoi_char_rnn
cifar100_allcnnc,0.0,13.564659966250536,26.645825188948457,14.696938456699069,14.832396974191326,18.547236990991408,16.492422502470642,18.867962264113206
cifar10_3c3d,13.564659966250536,0.0,25.059928172283335,5.477225575051661,6.164414002968976,19.339079605813716,14.422205101855956,10.583005244258363
fmnist_2c2d,26.645825188948457,25.059928172283335,0.0,25.019992006393608,25.37715508089904,20.29778313018444,21.118712081942874,21.77154105707724
fmnist_vae,14.696938456699069,5.477225575051661,25.019992006393608,0.0,3.4641016151377544,20.639767440550294,17.26267650163207,13.564659966250536
mnist_vae,14.832396974191326,6.164414002968976,25.37715508089904,3.4641016151377544,0.0,21.6794833886788,16.30950643030009,14.560219778561036
quadratic_deep,18.547236990991408,19.339079605813716,20.29778313018444,20.639767440550294,21.6794833886788,0.0,20.688160865577203,14.142135623730951
svhn_wrn164,16.492422502470642,14.422205101855956,21.118712081942874,17.26267650163207,16.30950643030009,20.688160865577203,0.0,14.832396974191326
tolstoi_char_rnn,18.867962264113206,10.583005244258363,21.77154105707724,13.564659966250536,14.560219778561036,14.142135623730951,14.832396974191326,0.0
