,AdaBoundOptimizer,AdadeltaOptimizer,AdagradOptimizer,AdamOptimizer,AMSBoundOptimizer,AMSGrad,GradientDescentOptimizer,LookaheadOptimizerMBGDMomentum,LookaheadOptimizerRAdam,MomentumOptimizer,NadamOptimizer,NAGOptimizer,RAdamOptimizer,RMSPropOptimizer
cifar10_3c3d,0.8349358974358971,0.7887720352564098,0.8341245993589738,0.8368489583333328,0.8345653044871792,0.8391626602564098,0.8264823717948714,0.8161758814102559,0.8415264423076918,0.8370592948717945,0.8314903846153843,0.8238681891025635,0.831790865384615,0.810697115384615
cifar100_allcnnc,0.5525941506410254,0.35375600961538417,0.4266326121794868,0.517457932692307,0.5605068108974354,0.5075821314102559,0.35908453525640993,0.3635917467948715,0.5241887019230765,0.18822115384615323,0.5243589743589742,0.440444711538461,0.5248597756410253,0.4698517628205126
fmnist_2c2d,0.920532852564102,0.9117588141025639,0.9193108974358971,0.9174479166666663,0.9194811698717944,0.9196714743589741,0.9187199519230766,0.5910456730769227,0.9199619391025637,0.9176582532051277,0.9195412660256406,0.9180388621794865,0.9160857371794868,0.9159254807692303
svhn_wrn164,0.9551416256157632,0.9283751539408863,0.9445504926108372,0.9447660098522164,0.9543449815270935,0.948195043103448,0.9413562192118222,0.9486491687192113,0.9545412561576351,0.94050184729064,0.9466402401477829,0.9431188423645317,0.9468095751231523,0.9364570504926103
tolstoi_char_rnn,0.5937233720931052,0.5708740235060107,0.6184243679274998,0.6175429889753857,0.5924626818561917,0.6143600002330835,0.6054280457597122,0.5301734879670014,0.6138571652644436,0.6077160155407766,0.6181055940430736,0.6104567050705464,0.6176775475571435,0.6179270499967522
