,AdaBoundOptimizer,AdadeltaOptimizer,AdagradOptimizer,AdamOptimizer,AMSBoundOptimizer,AMSGrad,GradientDescentOptimizer,LookaheadOptimizerMBGDMomentum,LookaheadOptimizerRAdam,MomentumOptimizer,NadamOptimizer,NAGOptimizer,RAdamOptimizer,RMSPropOptimizer
cifar100_allcnnc,2.7105751612247557,3.405570572461837,2.845360331657605,2.6388003373757383,2.731094314501836,2.550003240353022,3.2065555236278427,3.098033691675235,2.6270796433473236,4.200866501147931,2.6415834121215034,2.7904333481421832,2.634698766317123,2.6384121399659377
cifar10_3c3d,0.8502722896062407,0.9414078192068975,0.8189002336599884,0.7629931932458506,0.8451448623950663,0.7689826783079362,0.8624131941642513,0.8967146864304173,0.8217257765623234,0.8239789214653843,0.7918934932503939,0.9081660762811314,0.7842142523481292,0.847802613675594
fmnist_2c2d,0.743196189193389,0.3286139276165223,0.5618301180692814,0.9772454751703215,0.75708599547163,0.8063226878643033,0.6202924170459687,1.1716558666947556,0.558774151232762,0.6182969239850833,0.6761723424093079,0.6186793630512858,1.390950787893663,0.6945764475048349
fmnist_vae,23.403428099705625,23.892710852011657,23.399104168476203,23.040655999305923,23.47071018096728,23.152874565124513,78.41466224376971,24.947186752466056,24.126166953795995,67.58898581358103,22.993424806839382,100.24322892335745,23.08525949380337,23.217101430892946
mnist_vae,28.10813798415355,28.99299114300654,28.19342453785432,27.84530628644503,28.169243863912726,27.794071924992103,36.28359296627534,50.62231618441068,35.64879194528629,36.35926886216188,27.644710038258477,36.354009650303766,27.743403072846245,27.893885779992125
quadratic_deep,93.70439976283481,116.50789337158203,88.41781605311802,92.68801651000976,88.5878791809082,89.94143927437918,92.39182935442243,88.4946621486119,92.05423213413783,89.11168191092354,88.59396939958846,88.69509233747209,88.21426358904158,91.74001966203961
svhn_wrn164,0.37270586583855053,0.5229633727610987,0.46897618849142403,0.3032793466056797,0.3790516702559189,0.3579428020149024,0.33449187348482035,0.44922712473886894,0.3792183342752194,0.4863124093031644,0.29305047784092353,0.3253185099972583,0.29713243801018235,0.3313334314987572
tolstoi_char_rnn,1.3229418595175173,1.4150728683818798,1.2414026724881138,1.246559416791031,1.3285877019052754,1.2564454226201518,1.2843357701867932,1.5653601208409127,1.2551160410902964,1.2761847945008693,1.2477379933627626,1.2661604269710989,1.2423553765961948,1.243874164787745
