,AdaBoundOptimizer,AdadeltaOptimizer,AdagradOptimizer,AdamOptimizer,AMSBoundOptimizer,AMSGrad,GradientDescentOptimizer,LookaheadOptimizerMBGDMomentum,LookaheadOptimizerRAdam,MomentumOptimizer,NadamOptimizer,NAGOptimizer,NDAdamOptimizer,RAdamOptimizer,RMSPropOptimizer
cifar10_3c3d,0.8325420673076918,0.35417668269230723,0.7991987179487177,0.8238281249999997,0.827604166666666,0.5362079326923073,0.7908854166666661,0.7893329326923071,0.7397335737179485,0.5634114583333328,0.8307892628205125,0.7035757211538456,0.8280448717948714,0.8268028846153841,0.8167868589743585
cifar100_allcnnc,0.5048377403846149,0.0278445512820507,0.3791165865384611,0.49593349358974337,0.5023137019230766,0.0285356570512815,0.32947716346153805,0.5698517628205124,0.22744391025640973,0.5336638621794867,0.4435997596153842,0.5599759615384611,0.49567307692307666,0.5180488782051278,0.515414663461538
fmnist_2c2d,0.920813301282051,0.7639623397435893,0.9097255608974356,0.9171374198717945,0.9206730769230764,0.8874699519230764,0.9030649038461531,0.9161558493589743,0.890384615384615,0.9075320512820509,0.9163261217948715,0.9132712339743587,0.9165865384615385,0.9158253205128201,0.9154547275641022
svhn_wrn164,0.9518549876847284,0.4580818965517236,0.9424107142857141,0.9503386699507385,0.9509159482758619,0.9259197967980292,0.9363108066502457,0.950146243842364,0.9382504618226596,0.947013546798029,0.9512623152709354,0.9489532019704429,0.9480988300492607,0.9506696428571425,0.9448622229064035
tolstoi_char_rnn,0.5406087362218173,0.155770421678992,0.4520527198967801,0.6104068966660916,0.538633257584553,0.5888731037748265,0.3567742530413509,0.5689547897298669,0.22087555573361098,0.5905633718574638,0.6097731798316323,0.5904683525078138,,0.6113767048636612,0.6183909578569999
