,AdaBoundOptimizer,AdadeltaOptimizer,AdagradOptimizer,AdamOptimizer,AMSBoundOptimizer,AMSGrad,GradientDescentOptimizer,LookaheadOptimizerMBGDMomentum,LookaheadOptimizerRAdam,MomentumOptimizer,NadamOptimizer,NAGOptimizer,RAdamOptimizer,RMSPropOptimizer
cifar100_allcnnc,2.711218376037402,3.321934311206524,2.8123586562963627,2.5485809668516497,2.739441262758695,2.924891010308877,2.8695662565720386,3.0587171695171254,2.638695963835105,3.8487776273336167,2.754691385611509,3.2501858185499137,2.514001596279633,2.756427434774545
cifar10_3c3d,0.8509935456972851,0.9313489560133366,0.8120620630490472,0.7620865804262646,0.8654696881771086,0.8027690305159638,2.235556378502112,0.8811057958083272,0.8820005714129175,0.9335820907201517,0.7793824508404116,0.9226557067571539,0.7761568673146072,0.8533298400350102
fmnist_2c2d,0.7789310993101349,0.373687616621072,0.557726463207449,0.9862456448567215,0.7620383584059962,0.7994376956747888,0.5330699848249932,0.4515627068921154,0.5587179295814187,0.5674337676702397,1.0861532603223352,0.7200116446193972,0.9765647950080723,0.6810095202655362
fmnist_vae,23.371284711055267,23.885771774634335,23.40977811202025,23.156973577157043,23.4931373999669,23.250091816828807,67.57211439792927,35.77110081697122,24.902169857269676,100.28939857360643,23.237635152767865,45.737907545383166,23.198888838596833,23.565530058053824
mnist_vae,28.10856703856053,29.16554906551654,28.18889420093634,27.88052221078139,28.16702133447696,27.894957548532727,36.3321175465217,50.56049576050195,41.58876107166975,36.261191319196655,27.864332238221778,36.184077366804466,27.925920448547753,28.39197773199815
quadratic_deep,93.70439976283481,124.6309645516532,88.74589396885463,92.68801651000976,92.4703716823033,86.43502578735351,93.47232709612165,97.67239412580219,88.6961324419294,91.68916462489535,88.79092777797153,85.95334450857979,88.21426358904158,94.60729337419781
svhn_wrn164,0.37568973183925464,0.49193156876147065,0.5897025150912145,0.2970869015076472,0.3793064530773697,0.3597254229296599,0.33163489741571406,0.6167580274819151,0.2843139716226767,0.471333250542873,0.2972636684812051,0.5001493236261043,0.30208355469876863,0.33056229254588665
tolstoi_char_rnn,1.34803190555609,1.4157684448121606,1.2413036303501928,1.2464105094986395,1.3725750592476562,1.256549136437675,1.2848342976807632,1.5652029662296685,1.341407854118566,1.2751288425876717,1.242680042091457,1.2676014889702483,1.2471647115046034,1.2439866686689438
