,AdaBoundOptimizer,AdadeltaOptimizer,AdagradOptimizer,AdamOptimizer,AMSBoundOptimizer,AMSGrad,GradientDescentOptimizer,LookaheadOptimizerMBGDMomentum,LookaheadOptimizerRAdam,MomentumOptimizer,NadamOptimizer,NAGOptimizer,RAdamOptimizer,RMSPropOptimizer
cifar10_3c3d,0.8331029647435895,0.7907151442307687,0.8317107371794868,0.8373998397435894,0.8331931089743586,0.8283854166666662,0.4578625801282047,0.8197716346153842,0.8264322916666662,0.8186197916666661,0.8329427083333328,0.8219050480769228,0.8335136217948713,0.810727163461538
cifar100_allcnnc,0.558323317307692,0.3578525641025636,0.4304587339743586,0.5070913461538457,0.5511418269230766,0.4786157852564097,0.40646033653846103,0.3694210737179482,0.5287760416666661,0.23623798076923044,0.5053485576923071,0.3512119391025636,0.5168770032051279,0.4235476762820508
fmnist_2c2d,0.9199018429487177,0.911047676282051,0.9193309294871792,0.9177283653846148,0.9199719551282051,0.9201822916666662,0.9149839743589739,0.9106270032051279,0.9202023237179485,0.9165364583333332,0.9179587339743588,0.9115685096153839,0.9164362980769225,0.9120092147435892
svhn_wrn164,0.9546874999999998,0.9282443041871918,0.940170874384236,0.9463246613300489,0.9547798645320194,0.9474907635467975,0.9418642241379306,0.9390240147783245,0.9524245689655169,0.9436229987684726,0.9448853140394086,0.9395320197044329,0.9453586822660096,0.9377193657635466
tolstoi_char_rnn,0.5873564759661866,0.5698519544811536,0.6184617627626173,0.6174067435593436,0.5810800003137622,0.6143943293798012,0.6054694246058261,0.5302521077951707,0.5895310348706224,0.6077708823014034,0.6179655174871053,0.610032030197852,0.6174626820845618,0.6181259773015058
